﻿Book Title,url
"Intelligent Automation Simplified: Learn Enterprise Automation, AI-Led Automation, and Robotic Process Automation with Use-cases",/sspa/click?ie=UTF8&spc=MToxODc3MTI0NjQ1NzM3MTc2OjE2ODQzOTY4NTc6c3BfYXRmOjIwMTAyMTUwODYwOTk4OjowOjo&url=%2FIntelligent-Automation-Simplified-Enterprise-Use-cases%2Fdp%2F9391392547%2Fref%3Dsr_1_1_sspa%3Fkeywords%3DAutomation%2Bbooks%26qid%3D1684396857%26sr%3D8-1-spons%26sp_csd%3Dd2lkZ2V0TmFtZT1zcF9hdGY%26psc%3D1
"""Software Automation Testing Secrets Revealed""",/sspa/click?ie=UTF8&spc=MToxODc3MTI0NjQ1NzM3MTc2OjE2ODQzOTY4NTc6c3BfYXRmOjIwMDE0NzY3MTEwOTk4OjowOjo&url=%2FSoftware-Automation-Testing-Secrets-Revealed%2Fdp%2F9383952954%2Fref%3Dsr_1_2_sspa%3Fkeywords%3DAutomation%2Bbooks%26qid%3D1684396857%26sr%3D8-2-spons%26sp_csd%3Dd2lkZ2V0TmFtZT1zcF9hdGY%26psc%3D1
The Ancient Science of Mantras,/sspa/click?ie=UTF8&spc=MToxODc3MTI0NjQ1NzM3MTc2OjE2ODQzOTY4NTc6c3BfbXRmOjIwMDE2NTI4MzE1MjA0OjowOjo&url=%2FAncient-Science-Mantras-Om-Swami%2Fdp%2F9386348713%2Fref%3Dsr_1_23_sspa%3Fkeywords%3DAutomation%2Bbooks%26qid%3D1684396857%26sr%3D8-23-spons%26sp_csd%3Dd2lkZ2V0TmFtZT1zcF9tdGY%26psc%3D1
TOPPERSNOTES IAS Toppers Notes Samanya Adhyayan Notes for UPSC Prelims & Mains Civil Service Exam 2023 Preparation Books in Hindi Latest Edition [Paperback] Toppersnotes [Paperback] TOPPERSNOTES,/sspa/click?ie=UTF8&spc=MToxODc3MTI0NjQ1NzM3MTc2OjE2ODQzOTY4NTc6c3BfbXRmOjIwMTUzMDI0MzY0ODk4OjowOjo&url=%2FTOPPERSNOTES-Adhyayan-Preparation-Paperback-Toppersnotes%2Fdp%2FB082NTSSD7%2Fref%3Dsr_1_24_sspa%3Fkeywords%3DAutomation%2Bbooks%26qid%3D1684396857%26sr%3D8-24-spons%26sp_csd%3Dd2lkZ2V0TmFtZT1zcF9tdGY%26psc%3D1
A Course In Electrical Machine Design,/sspa/click?ie=UTF8&spc=MToxODc3MTI0NjQ1NzM3MTc2OjE2ODQzOTY4NTc6c3BfYnRmOjIwMDg1Nzc2Njc2NTk4OjowOjo&url=%2FCourse-Electrical-Machine-Design%2Fdp%2F8177001019%2Fref%3Dsr_1_55_sspa%3Fkeywords%3DAutomation%2Bbooks%26qid%3D1684396857%26sr%3D8-55-spons%26sp_csd%3Dd2lkZ2V0TmFtZT1zcF9idGY%26psc%3D1%26smid%3DA3P2A6BYWI685D
Agile Essentials You Always Wanted To Know (Self-Learning Management Series),/sspa/click?ie=UTF8&spc=MToxODc3MTI0NjQ1NzM3MTc2OjE2ODQzOTY4NTc6c3BfYnRmOjIwMDQxMjg3ODQyOTk4OjowOjo&url=%2FEssentials-Always-Wanted-Learning-Management%2Fdp%2F1636510051%2Fref%3Dsr_1_56_sspa%3Fkeywords%3DAutomation%2Bbooks%26qid%3D1684396857%26sr%3D8-56-spons%26sp_csd%3Dd2lkZ2V0TmFtZT1zcF9idGY%26psc%3D1
Digital Marketing Essentials You Always Wanted to Know (Self-Learning Management Series),/sspa/click?ie=UTF8&spc=MToxODc3MTI0NjQ1NzM3MTc2OjE2ODQzOTY4NTc6c3BfYnRmOjIwMDQxMjg3ODQzNTk4OjowOjo&url=%2FDigital-Marketing-Essentials-Always-Wanted%2Fdp%2FB08DXQXXY7%2Fref%3Dsr_1_57_sspa%3Fkeywords%3DAutomation%2Bbooks%26qid%3D1684396857%26sr%3D8-57-spons%26sp_csd%3Dd2lkZ2V0TmFtZT1zcF9idGY%26psc%3D1
Microeconomics Essentials You Always Wanted to Know (Self-Learning Management Series),/sspa/click?ie=UTF8&spc=MToxODc3MTI0NjQ1NzM3MTc2OjE2ODQzOTY4NTc6c3BfYnRmOjIwMDc4NTYzNDc1NDk4OjowOjo&url=%2FMicroeconomics-Essentials-Always-Self-Learning-Management%2Fdp%2F1636511155%2Fref%3Dsr_1_58_sspa%3Fkeywords%3DAutomation%2Bbooks%26qid%3D1684396857%26sr%3D8-58-spons%26sp_csd%3Dd2lkZ2V0TmFtZT1zcF9idGY%26psc%3D1
